Model,R2 val,R2 test,RMSE test,MAE test,fit (s)
Gradient Boosting,0.5878057768675593,0.3657542905476645,73.40201506242862,53.935065464615015,0.02
Random Forest,0.5767443269555146,0.35610404333761947,73.95832427615474,54.369978051637176,0.05
Linear Regression,0.545998266763865,0.30632412947777,76.76398421194784,56.36764037814844,0.03
Ridge,0.5239004817610635,0.28922443754272664,77.70437244686376,57.541941295537015,0.01
Decision Tree,0.5174643048806153,0.2877651666887686,77.78409774367219,57.54248281030646,0.82
Lasso,0.5156574677174195,0.2776943291863959,78.3320920828013,58.02252401871118,0.81
KNN Regressor,0.4449055792406429,0.24322628007874136,80.17929524355706,59.986059753158315,0.01
Polynomial (deg-2),0.2608130857147468,-0.010624808297409638,92.65613726066023,69.27370389580595,0.02
ElasticNet,0.22086588943081664,-0.07179392783427119,95.41899974600489,70.94936579672337,0.93
SVR (RBF),0.2601416548919566,-0.12609293629919227,97.80618756220154,71.96476353898484,2.7
